OBJECTID,BdType,BdVal,PctNum,BdName,DistrictFullName
1,P,0159,159,COPPER HILLS,Copper Hills Voting Precinct
2,P,0374,374,HILTON,Hilton Voting Precinct
3,P,0926,926,WOOD,Wood Voting Precinct
4,P,0244,244,DUSTY TRAIL,Dusty Trail Voting Precinct
5,P,0259,259,EMERALD,Emerald Voting Precinct
6,P,0136,136,CLEARVIEW,Clearview Voting Precinct
7,P,0789,789,STELLA,Stella Voting Precinct
8,P,0151,151,COMET,Comet Voting Precinct
9,P,0231,231,DOS RIOS,Dos Rios Voting Precinct
10,P,0931,931,YUCATAN,Yucatan Voting Precinct
11,P,0928,928,XAVIER,Xavier Voting Precinct
12,P,0657,657,PORTLAND,Portland Voting Precinct
13,P,0677,677,REDDEN,Redden Voting Precinct
14,P,0493,493,MARLETTE,Marlette Voting Precinct
15,P,0619,619,PARK MEADOWS,Park Meadows Voting Precinct
16,P,0651,651,POINSETTIA,Poinsettia Voting Precinct
17,P,0323,323,GOLDEN,Golden Voting Precinct
18,P,0531,531,MONTEBELLO,Montebello Voting Precinct
19,P,0064,64,BLACK GOLD,Black Gold Voting Precinct
20,P,0482,482,MAGIC STONE,Magic Stone Voting Precinct
21,P,0842,842,TORTILLA FLAT,Tortilla Flat Voting Precinct
22,P,0145,145,COLBY,Colby Voting Precinct
23,P,0223,223,DESOTO,Desoto Voting Precinct
24,P,0526,526,MOHAWK,Mohawk Voting Precinct
25,P,0637,637,PHELPS,Phelps Voting Precinct
26,P,0047,47,AZTEC SPRINGS,Aztec Springs Voting Precinct
27,P,0930,930,YOUNGTOWN,Youngtown Voting Precinct
28,P,0902,902,WESTWORLD,Westworld Voting Precinct
29,P,0881,881,WACKER PARK,Wacker Park Voting Precinct
30,P,0394,394,INDIAN SPRINGS,Indian Springs Voting Precinct
31,P,0836,836,TIGER MOUNTAIN,Tiger Mountain Voting Precinct
32,P,0385,385,HOPI,Hopi Voting Precinct
33,P,0686,686,RIATA,Riata Voting Precinct
34,P,0252,252,EDISON,Edison Voting Precinct
35,P,0127,127,CHOLLA,Cholla Voting Precinct
36,P,0583,583,OASIS,Oasis Voting Precinct
37,P,0089,89,CACTUS WREN,Cactus Wren Voting Precinct
38,P,0767,767,SOLCITO,Solcito Voting Precinct
39,P,0210,210,DESERT HARBOR,Desert Harbor Voting Precinct
40,P,0498,498,MAYBERRY,Mayberry Voting Precinct
41,P,0755,755,SIERRA PASS,Sierra Pass Voting Precinct
42,P,0753,753,SIERRA HILLS,Sierra Hills Voting Precinct
43,P,0546,546,NEELY,Neely Voting Precinct
44,P,0260,260,EMMETT,Emmett Voting Precinct
45,P,0794,794,SUMMERSIDE,Summerside Voting Precinct
46,P,0337,337,GREENWAY,Greenway Voting Precinct
47,P,0249,249,EASTRIDGE,Eastridge Voting Precinct
48,P,0922,922,WINDMILL,Windmill Voting Precinct
49,P,0011,11,ALAMO,Alamo Voting Precinct
50,P,0164,164,CORDONIZ,Cordoniz Voting Precinct
51,P,0509,509,MERCER,Mercer Voting Precinct
52,P,0027,27,APOLLO,Apollo Voting Precinct
53,P,0240,240,DUBLIN,Dublin Voting Precinct
54,P,0073,73,BONANZA,Bonanza Voting Precinct
55,P,0006,6,AGRITOPIA,Agritopia Voting Precinct
56,P,0914,914,WILDFLOWER,Wildflower Voting Precinct
57,P,0673,673,RANCHO MIRAGE,Rancho Mirage Voting Precinct
58,P,0378,378,HOLLIS,Hollis Voting Precinct
59,P,0054,54,BEARDSLEY,Beardsley Voting Precinct
60,P,0257,257,ELLSWORTH PARK,Ellsworth Park Voting Precinct
61,P,0890,890,WENDY,Wendy Voting Precinct
62,P,0487,487,MARBLE CREEK,Marble Creek Voting Precinct
63,P,0628,628,PECOS,Pecos Voting Precinct
64,P,0032,32,ARENA,Arena Voting Precinct
65,P,0348,348,HAPPY TRAILS,Happy Trails Voting Precinct
66,P,0667,667,QUAIL RUN,Quail Run Voting Precinct
67,P,0424,424,KOKOPELLI,Kokopelli Voting Precinct
68,P,0754,754,SIERRA MADRE,Sierra Madre Voting Precinct
69,P,0574,574,NVP 6,Nvp 6 Voting Precinct
70,P,0233,233,DOVE,Dove Voting Precinct
71,P,0034,34,ARROWHEAD RANCH,Arrowhead Ranch Voting Precinct
72,P,0456,456,LOBO,Lobo Voting Precinct
73,P,0555,555,NVP 1,Nvp 1 Voting Precinct
74,P,0411,411,JUNIPER,Juniper Voting Precinct
75,P,0280,280,FENIMORE,Fenimore Voting Precinct
76,P,0878,878,VISTA VERDE,Vista Verde Voting Precinct
77,P,0834,834,TIERRA MADRE,Tierra Madre Voting Precinct
78,P,0787,787,STARDUST,Stardust Voting Precinct
79,P,0056,56,BERYL,Beryl Voting Precinct
80,P,0172,172,COTTON LANE,Cotton Lane Voting Precinct
81,P,0808,808,SUNFLOWER,Sunflower Voting Precinct
82,P,0534,534,MOON VALLEY,Moon Valley Voting Precinct
83,P,0235,235,DOVER,Dover Voting Precinct
84,P,0647,647,PINTO,Pinto Voting Precinct
85,P,0168,168,CORRINE,Corrine Voting Precinct
86,P,0735,735,SARATOGA,Saratoga Voting Precinct
87,P,0372,372,HILLERY,Hillery Voting Precinct
88,P,0845,845,TRADITIONS,Traditions Voting Precinct
89,P,0927,927,WOODGLEN,Woodglen Voting Precinct
90,P,0434,434,LAREDO,Laredo Voting Precinct
91,P,0111,111,CARRIAGE LANE,Carriage Lane Voting Precinct
92,P,0038,38,ASPEN,Aspen Voting Precinct
93,P,0175,175,COUNTRY GABLES,Country Gables Voting Precinct
94,P,0624,624,PEACH TREE,Peach Tree Voting Precinct
95,P,0314,314,GILA BEND,Gila Bend Voting Precinct
96,P,0118,118,CENTENNIAL,Centennial Voting Precinct
97,P,0078,78,BRONCO,Bronco Voting Precinct
98,P,0925,925,WOLF RUN,Wolf Run Voting Precinct
99,P,0026,26,APACHE WELLS,Apache Wells Voting Precinct
100,P,0773,773,SOUTH MTN PARK EAST,South Mtn Park East Voting Precinct
101,P,0911,911,WIGWAM CREEK,Wigwam Creek Voting Precinct
102,P,0266,266,ESCALANTE,Escalante Voting Precinct
103,P,0165,165,CORDOVA,Cordova Voting Precinct
104,P,0017,17,ALTADENA,Altadena Voting Precinct
105,P,0439,439,LASSEN,Lassen Voting Precinct
106,P,0302,302,GARDNER,Gardner Voting Precinct
107,P,0752,752,SHEFFIELD,Sheffield Voting Precinct
108,P,0595,595,ORME,Orme Voting Precinct
109,P,0454,454,LISBON,Lisbon Voting Precinct
110,P,0155,155,CONCORD,Concord Voting Precinct
111,P,0293,293,FRANKLIN,Franklin Voting Precinct
112,P,0222,222,DESERT VISTA,Desert Vista Voting Precinct
113,P,0550,550,NORTERRA,Norterra Voting Precinct
114,P,0336,336,GREENFIELD PARK,Greenfield Park Voting Precinct
115,P,0733,733,SANTAN,Santan Voting Precinct
116,P,0590,590,ORANGE TREE,Orange Tree Voting Precinct
117,P,0897,897,WESTGREEN PARK,Westgreen Park Voting Precinct
118,P,0541,541,MUMMY MOUNTAIN,Mummy Mountain Voting Precinct
119,P,0795,795,SUMMERSTAR,Summerstar Voting Precinct
120,P,0880,880,VOGEL,Vogel Voting Precinct
121,P,0852,852,TUCKEY,Tuckey Voting Precinct
122,P,0467,467,LOOKOUT RIDGE,Lookout Ridge Voting Precinct
123,P,0018,18,ALVARADO,Alvarado Voting Precinct
124,P,0640,640,PILGRIM,Pilgrim Voting Precinct
125,P,0557,557,NVP 11,Nvp 11 Voting Precinct
126,P,0442,442,LAVEEN MEADOWS,Laveen Meadows Voting Precinct
127,P,0797,797,SUN CITY,Sun City Voting Precinct
128,P,0146,146,COLDWATER RIDGE,Coldwater Ridge Voting Precinct
129,P,0091,91,CALAVAR,Calavar Voting Precinct
130,P,0623,623,PAYNE,Payne Voting Precinct
131,P,0662,662,PRINCESS,Princess Voting Precinct
132,P,0297,297,FRONTIER,Frontier Voting Precinct
133,P,0870,870,VERRADO,Verrado Voting Precinct
134,P,0933,933,YUKON,Yukon Voting Precinct
135,P,0422,422,KLEINMAN,Kleinman Voting Precinct
136,P,0077,77,BREWER,Brewer Voting Precinct
137,P,0052,52,BARNEY,Barney Voting Precinct
138,P,0908,908,WICKENBURG,Wickenburg Voting Precinct
139,P,0709,709,ROTARY PARK,Rotary Park Voting Precinct
140,P,0770,770,SOSSAMAN,Sossaman Voting Precinct
141,P,0335,335,GREENFIELD,Greenfield Voting Precinct
142,P,0810,810,SUNLAND VILLAGE,Sunland Village Voting Precinct
143,P,0138,138,CLIFFVIEW,Cliffview Voting Precinct
144,P,0533,533,MONTOYA,Montoya Voting Precinct
145,P,0183,183,CREIGHTON,Creighton Voting Precinct
146,P,0284,284,FLOWER,Flower Voting Precinct
147,P,0299,299,GALVESTON,Galveston Voting Precinct
148,P,0321,321,GLENVIEW,Glenview Voting Precinct
149,P,0072,72,BOLERO,Bolero Voting Precinct
150,P,0296,296,FRIER,Frier Voting Precinct
151,P,0688,688,RIMROCK,Rimrock Voting Precinct
152,P,0261,261,ENCANTO,Encanto Voting Precinct
153,P,0205,205,DENALI,Denali Voting Precinct
154,P,0559,559,NVP 13,Nvp 13 Voting Precinct
155,P,0599,599,PAIUTE,Paiute Voting Precinct
156,P,0519,519,MIMOSA,Mimosa Voting Precinct
157,P,0023,23,ANNETTE,Annette Voting Precinct
158,P,0132,132,CITRUS,Citrus Voting Precinct
159,P,0350,350,HARMONT,Harmont Voting Precinct
160,P,0459,459,LOMA VERDES,Loma Verdes Voting Precinct
161,P,0751,751,SHEENA,Sheena Voting Precinct
162,P,0807,807,SUNDOWN,Sundown Voting Precinct
163,P,0148,148,COLONNADE,Colonnade Voting Precinct
164,P,0398,398,IVANHOE,Ivanhoe Voting Precinct
165,P,0796,796,SUN AIRE,Sun Aire Voting Precinct
166,P,0383,383,HOPE,Hope Voting Precinct
167,P,0119,119,CENTRAL HIGH,Central High Voting Precinct
168,P,0672,672,RANCHO,Rancho Voting Precinct
169,P,0217,217,DESERT RIVER,Desert River Voting Precinct
170,P,0742,742,SENTRY,Sentry Voting Precinct
171,P,0581,581,OAKTREE,Oaktree Voting Precinct
172,P,0024,24,APACHE,Apache Voting Precinct
173,P,0801,801,SUN TRAILS,Sun Trails Voting Precinct
174,P,0776,776,SOUTH MTN PARK SOUTH,South Mtn Park South Voting Precinct
175,P,0177,177,COVINA,Covina Voting Precinct
176,P,0825,825,TABLE MESA,Table Mesa Voting Precinct
177,P,0756,756,SIERRA VERDE,Sierra Verde Voting Precinct
178,P,0134,134,CITRUS GROVES,Citrus Groves Voting Precinct
179,P,0704,704,ROMA,Roma Voting Precinct
180,P,0201,201,DEER VALLEY,Deer Valley Voting Precinct
181,P,0391,391,IMES,Imes Voting Precinct
182,P,0866,866,VARNEY PARK,Varney Park Voting Precinct
183,P,0813,813,SUNNYSLOPE,Sunnyslope Voting Precinct
184,P,0658,658,PORTOBELLO,Portobello Voting Precinct
185,P,0815,815,SUNRISE,Sunrise Voting Precinct
186,P,0142,142,CLUB WEST,Club West Voting Precinct
187,P,0768,768,SOLEDAD,Soledad Voting Precinct
188,P,0846,846,TRAILSIDE,Trailside Voting Precinct
189,P,0239,239,DRIFTWOOD,Driftwood Voting Precinct
190,P,0181,181,CRABAPPLE,Crabapple Voting Precinct
191,P,0004,4,ADOBE,Adobe Voting Precinct
192,P,0099,99,CANDLELIGHT,Candlelight Voting Precinct
193,P,0110,110,CARON,Caron Voting Precinct
194,P,0847,847,TRAMONTO,Tramonto Voting Precinct
195,P,0728,728,SAN VICTOR,San Victor Voting Precinct
196,P,0213,213,DESERT HILLS,Desert Hills Voting Precinct
197,P,0858,858,TWILIGHT,Twilight Voting Precinct
198,P,0416,416,KALER,Kaler Voting Precinct
199,P,0186,186,CROCUS,Crocus Voting Precinct
200,P,0067,67,BLUE HORIZONS,Blue Horizons Voting Precinct
201,P,0450,450,LILAC,Lilac Voting Precinct
202,P,0370,370,HIGLEY,Higley Voting Precinct
203,P,0668,668,QUEEN CREEK,Queen Creek Voting Precinct
204,P,0428,428,LAKE PLEASANT,Lake Pleasant Voting Precinct
205,P,0289,289,FOUNTAIN HILLS,Fountain Hills Voting Precinct
206,P,0626,626,PEBBLE CREEK,Pebble Creek Voting Precinct
207,P,0798,798,SUN DEVIL,Sun Devil Voting Precinct
208,P,0816,816,SUNSET HILLS,Sunset Hills Voting Precinct
209,P,0355,355,HARVEST,Harvest Voting Precinct
210,P,0432,432,LANE,Lane Voting Precinct
211,P,0028,28,ARBOLEDA,Arboleda Voting Precinct
212,P,0869,869,VERMONT,Vermont Voting Precinct
213,P,0806,806,SUNDANCE WEST,Sundance West Voting Precinct
214,P,0490,490,MARIGOLD,Marigold Voting Precinct
215,P,0803,803,SUNBURST,Sunburst Voting Precinct
216,P,0199,199,DC RANCH,Dc Ranch Voting Precinct
217,P,0362,362,HERITAGE,Heritage Voting Precinct
218,P,0196,196,DANBURY,Danbury Voting Precinct
219,P,0521,521,MIRADA,Mirada Voting Precinct
220,P,0664,664,PUEBLO GRANDE,Pueblo Grande Voting Precinct
221,P,0749,749,SHAW BUTTE,Shaw Butte Voting Precinct
222,P,0465,465,LONGHORN,Longhorn Voting Precinct
223,P,0906,906,WHITTON,Whitton Voting Precinct
224,P,0358,358,HATCHER,Hatcher Voting Precinct
225,P,0512,512,MESA VISTA,Mesa Vista Voting Precinct
226,P,0315,315,GILBERT,Gilbert Voting Precinct
227,P,0713,713,RUSSET,Russet Voting Precinct
228,P,0036,36,ASANTE,Asante Voting Precinct
229,P,0477,477,MADISON,Madison Voting Precinct
230,P,0774,774,SOUTH MTN PARK NE,South Mtn Park Ne Voting Precinct
231,P,0503,503,MCDOWELL,Mcdowell Voting Precinct
232,P,0725,725,SAN MONTEGO,San Montego Voting Precinct
233,P,0924,924,WITTMANN,Wittmann Voting Precinct
234,P,0642,642,PIMA,Pima Voting Precinct
235,P,0281,281,FESTIVAL,Festival Voting Precinct
236,P,0466,466,LONGMORE,Longmore Voting Precinct
237,P,0404,404,JOHN CABOT,John Cabot Voting Precinct
238,P,0525,525,MOHAVE,Mohave Voting Precinct
239,P,0100,100,CANTERBURY,Canterbury Voting Precinct
240,P,0438,438,LAS SENDAS,Las Sendas Voting Precinct
241,P,0243,243,DURANGO,Durango Voting Precinct
242,P,0856,856,TURNEY,Turney Voting Precinct
243,P,0761,761,SILVERADO,Silverado Voting Precinct
244,P,0150,150,COLTER,Colter Voting Precinct
245,P,0045,45,AVONDALE,Avondale Voting Precinct
246,P,0692,692,RIO VERDE,Rio Verde Voting Precinct
247,P,0495,495,MARTIN,Martin Voting Precinct
248,P,0400,400,JANICE,Janice Voting Precinct
249,P,0318,318,GLENCROFT,Glencroft Voting Precinct
250,P,0898,898,WESTRIDGE,Westridge Voting Precinct
251,P,0820,820,SURPRISE,Surprise Voting Precinct
252,P,0502,502,MCDONALD,Mcdonald Voting Precinct
253,P,0112,112,CARVER,Carver Voting Precinct
254,P,0066,66,BLOOM,Bloom Voting Precinct
255,P,0666,666,PYRAMID PEAK,Pyramid Peak Voting Precinct
256,P,0105,105,CARDINAL,Cardinal Voting Precinct
257,P,0702,702,ROESER,Roeser Voting Precinct
258,P,0676,676,RED MOUNTAIN,Red Mountain Voting Precinct
259,P,0758,758,SIESTA,Siesta Voting Precinct
260,P,0202,202,DEERVIEW,Deerview Voting Precinct
261,P,0451,451,LIME,Lime Voting Precinct
262,P,0460,460,LONE BUTTE,Lone Butte Voting Precinct
263,P,0195,195,DALLAS,Dallas Voting Precinct
264,P,0094,94,CAMBRIDGE,Cambridge Voting Precinct
265,P,0479,479,MADISON PARK,Madison Park Voting Precinct
266,P,0612,612,PALO VERDE,Palo Verde Voting Precinct
267,P,0234,234,DOVE VALLEY,Dove Valley Voting Precinct
268,P,0174,174,COTTONWOOD COUNTRY CLUB,Cottonwood Country Club Voting Precinct
269,P,0437,437,LAS COLINAS,Las Colinas Voting Precinct
270,P,0694,694,RIVERSIDE,Riverside Voting Precinct
271,P,0510,510,MESA GRAND,Mesa Grand Voting Precinct
272,P,0625,625,PEAK VIEW,Peak View Voting Precinct
273,P,0030,30,ARCADIA,Arcadia Voting Precinct
274,P,0137,137,CLEARWATER,Clearwater Voting Precinct
275,P,0506,506,MCQUEEN,Mcqueen Voting Precinct
276,P,0682,682,REFLECTION,Reflection Voting Precinct
277,P,0248,248,EASTMARK,Eastmark Voting Precinct
278,P,0851,851,TRILOGY,Trilogy Voting Precinct
279,P,0732,732,SANTA MARIA,Santa Maria Voting Precinct
280,P,0285,285,FLYNN,Flynn Voting Precinct
281,P,0191,191,CULVER,Culver Voting Precinct
282,P,0566,566,NVP 2,Nvp 2 Voting Precinct
283,P,0188,188,CROSSROADS PARK,Crossroads Park Voting Precinct
284,P,0082,82,BUFFALO RIDGE,Buffalo Ridge Voting Precinct
285,P,0621,621,PARKWOOD,Parkwood Voting Precinct
286,P,0821,821,SURPRISE FARMS,Surprise Farms Voting Precinct
287,P,0536,536,MOUNTAIN GATE,Mountain Gate Voting Precinct
288,P,0853,853,TULANE,Tulane Voting Precinct
289,P,0329,329,GRAND,Grand Voting Precinct
290,P,0180,180,COYOTE LAKES,Coyote Lakes Voting Precinct
291,P,0867,867,VELERO,Velero Voting Precinct
292,P,0310,310,GERONIMO,Geronimo Voting Precinct
293,P,0860,860,UNO,Uno Voting Precinct
294,P,0405,405,JOMAX,Jomax Voting Precinct
295,P,0106,106,CAREFREE,Carefree Voting Precinct
296,P,0098,98,CAMPBELL PARK,Campbell Park Voting Precinct
297,P,0163,163,CORDES,Cordes Voting Precinct
298,P,0854,854,TUMBLEWEED,Tumbleweed Voting Precinct
299,P,0693,693,RITTENHOUSE,Rittenhouse Voting Precinct
300,P,0912,912,WIKIEUP,Wikieup Voting Precinct
301,P,0659,659,POWDERHORN RANCH,Powderhorn Ranch Voting Precinct
302,P,0717,717,SAHUARO RANCH,Sahuaro Ranch Voting Precinct
303,P,0895,895,WESTBROOK,Westbrook Voting Precinct
304,P,0499,499,MAYFLOWER,Mayflower Voting Precinct
305,P,0916,916,WILLIAMS FIELD,Williams Field Voting Precinct
306,P,0103,103,CANYON SPRINGS,Canyon Springs Voting Precinct
307,P,0740,740,SENNIA VISTA,Sennia Vista Voting Precinct
308,P,0875,875,VINEYARD,Vineyard Voting Precinct
309,P,0689,689,RIO MONTANA,Rio Montana Voting Precinct
310,P,0387,387,HORSESHOE,Horseshoe Voting Precinct
311,P,0292,292,FOXWOOD,Foxwood Voting Precinct
312,P,0485,485,MANISTEE,Manistee Voting Precinct
313,P,0313,313,GILA,Gila Voting Precinct
314,P,0469,469,LOS GATOS,Los Gatos Voting Precinct
315,P,0746,746,SHADY GLEN,Shady Glen Voting Precinct
316,P,0311,311,GETTY,Getty Voting Precinct
317,P,0644,644,PINNACLE PEAK,Pinnacle Peak Voting Precinct
318,P,0899,899,WESTWARD HO,Westward Ho Voting Precinct
319,P,0429,429,LAKEVIEW,Lakeview Voting Precinct
320,P,0344,344,GUERRERO,Guerrero Voting Precinct
321,P,0738,738,SCUDDER,Scudder Voting Precinct
322,P,0886,886,WATER WORKS,Water Works Voting Precinct
323,P,0420,420,KINGS,Kings Voting Precinct
324,P,0671,671,RAINTREE,Raintree Voting Precinct
325,P,0109,109,CAROL ANN,Carol Ann Voting Precinct
326,P,0406,406,JOSHUA TREE,Joshua Tree Voting Precinct
327,P,0790,790,STELLAR,Stellar Voting Precinct
328,P,0079,79,BROOKS FARM,Brooks Farm Voting Precinct
329,P,0582,582,OAKWOOD COUNTRY CLUB,Oakwood Country Club Voting Precinct
330,P,0349,349,HAPPY VALLEY,Happy Valley Voting Precinct
331,P,0083,83,BULLARD,Bullard Voting Precinct
332,P,0518,518,MILLS,Mills Voting Precinct
333,P,0324,324,GOLDEN EAGLE,Golden Eagle Voting Precinct
334,P,0039,39,ASTER,Aster Voting Precinct
335,P,0269,269,ESCUDA,Escuda Voting Precinct
336,P,0558,558,NVP 12,Nvp 12 Voting Precinct
337,P,0769,769,SONOQUI,Sonoqui Voting Precinct
338,P,0107,107,CARL,Carl Voting Precinct
339,P,0745,745,SHADOW ROCK,Shadow Rock Voting Precinct
340,P,0342,342,GROVES,Groves Voting Precinct
341,P,0133,133,CITRUS GARDENS,Citrus Gardens Voting Precinct
342,P,0817,817,SUNSET RIDGE,Sunset Ridge Voting Precinct
343,P,0935,935,ZUNI HILLS,Zuni Hills Voting Precinct
344,P,0862,862,VALENCIA,Valencia Voting Precinct
345,P,0435,435,LARKSPUR,Larkspur Voting Precinct
346,P,0522,522,MISSION,Mission Voting Precinct
347,P,0763,763,SKY HAWK,Sky Hawk Voting Precinct
348,P,0818,818,SUNUP,Sunup Voting Precinct
349,P,0548,548,NICOLET,Nicolet Voting Precinct
350,P,0804,804,SUNCLIFF,Suncliff Voting Precinct
351,P,0225,225,DEVONSHIRE,Devonshire Voting Precinct
352,P,0433,433,LANTANA CANYON,Lantana Canyon Voting Precinct
353,P,0298,298,FULTON RANCH,Fulton Ranch Voting Precinct
354,P,0515,515,MICHELLE,Michelle Voting Precinct
355,P,0723,723,SAN MICHELLE,San Michelle Voting Precinct
356,P,0646,646,PINON,Pinon Voting Precinct
357,P,0614,614,PAPAGO PARK,Papago Park Voting Precinct
358,P,0903,903,WHITE TANK,White Tank Voting Precinct
359,P,0381,381,HOLMES,Holmes Voting Precinct
360,P,0833,833,TIERRA ESTE,Tierra Este Voting Precinct
361,P,0706,706,ROSE,Rose Voting Precinct
362,P,0480,480,MADRID,Madrid Voting Precinct
363,P,0654,654,PONDEROSA,Ponderosa Voting Precinct
364,P,0655,655,PORT ROYALE,Port Royale Voting Precinct
365,P,0678,678,REDSTONE,Redstone Voting Precinct
366,P,0600,600,PALISADES,Palisades Voting Precinct
367,P,0124,124,CHEATHAM,Cheatham Voting Precinct
368,P,0116,116,CAVE CREEK,Cave Creek Voting Precinct
369,P,0215,215,DESERT MIRAGE,Desert Mirage Voting Precinct
370,P,0661,661,PRASADA,Prasada Voting Precinct
371,P,0035,35,ARTESIAN,Artesian Voting Precinct
372,P,0207,207,DESERT BLOSSOM,Desert Blossom Voting Precinct
373,P,0863,863,VALENCIA GROVES,Valencia Groves Voting Precinct
374,P,0218,218,DESERT ROSE,Desert Rose Voting Precinct
375,P,0445,445,LEHI,Lehi Voting Precinct
376,P,0430,430,LAKEWOOD,Lakewood Voting Precinct
377,P,0620,620,PARKRIDGE,Parkridge Voting Precinct
378,P,0050,50,BANFF,Banff Voting Precinct
379,P,0779,779,SPANISH GARDEN,Spanish Garden Voting Precinct
380,P,0786,786,ST MORITZ,St Moritz Voting Precinct
381,P,0844,844,TOWNLEY,Townley Voting Precinct
382,P,0747,747,SHALIMAR,Shalimar Voting Precinct
383,P,0255,255,EL MIRAGE,El Mirage Voting Precinct
384,P,0636,636,PERRYVILLE,Perryville Voting Precinct
385,P,0932,932,YUCCA,Yucca Voting Precinct
386,P,0272,272,EUCLID,Euclid Voting Precinct
387,P,0538,538,MOUNTAIN VISTA,Mountain Vista Voting Precinct
388,P,0800,800,SUN LAKES COUNTRY CLUB,Sun Lakes Country Club Voting Precinct
389,P,0178,178,COYOTE BASIN,Coyote Basin Voting Precinct
390,P,0722,722,SAN MARCOS,San Marcos Voting Precinct
391,P,0448,448,LIBBY,Libby Voting Precinct
392,P,0169,169,CORTESSA,Cortessa Voting Precinct
393,P,0247,247,DYSART,Dysart Voting Precinct
394,P,0410,410,JUNE,June Voting Precinct
395,P,0891,891,WEST PLAZA,West Plaza Voting Precinct
396,P,0877,877,VISTA,Vista Voting Precinct
397,P,0602,602,PALM GARDENS,Palm Gardens Voting Precinct
398,P,0913,913,WILDER,Wilder Voting Precinct
399,P,0494,494,MARLEY PARK,Marley Park Voting Precinct
400,P,0921,921,WINDMERE,Windmere Voting Precinct
401,P,0850,850,TREVOR BROWNE,Trevor Browne Voting Precinct
402,P,0607,607,PALMBROOK,Palmbrook Voting Precinct
403,P,0596,596,OSUNA PARK,Osuna Park Voting Precinct
404,P,0901,901,WESTWOOD,Westwood Voting Precinct
405,P,0058,58,BETHANY PARK,Bethany Park Voting Precinct
406,P,0130,130,CIELO GRANDE,Cielo Grande Voting Precinct
407,P,0020,20,ANDERSON,Anderson Voting Precinct
408,P,0389,389,HUBBELL,Hubbell Voting Precinct
409,P,0535,535,MORRISTOWN,Morristown Voting Precinct
410,P,0871,871,VETERANS OASIS,Veterans Oasis Voting Precinct
411,P,0423,423,KODIAK,Kodiak Voting Precinct
412,P,0278,278,FALCON,Falcon Voting Precinct
413,P,0826,826,TARO,Taro Voting Precinct
414,P,0209,209,DESERT EDGE,Desert Edge Voting Precinct
415,P,0882,882,WADDELL,Waddell Voting Precinct
416,P,0497,497,MARYVALE,Maryvale Voting Precinct
417,P,0542,542,MUSKET,Musket Voting Precinct
418,P,0305,305,GAVILAN PEAK,Gavilan Peak Voting Precinct
419,P,0444,444,LEGACY,Legacy Voting Precinct
420,P,0471,471,LOWELL,Lowell Voting Precinct
421,P,0470,470,LOS OLIVOS,Los Olivos Voting Precinct
422,P,0710,710,ROVEY,Rovey Voting Precinct
423,P,0777,777,SOUTH MTN PARK SW,South Mtn Park Sw Voting Precinct
424,P,0894,894,WESTAR,Westar Voting Precinct
425,P,0245,245,DWIGHT,Dwight Voting Precinct
426,P,0061,61,BISCUIT FLAT,Biscuit Flat Voting Precinct
427,P,0166,166,CORONA,Corona Voting Precinct
428,P,0631,631,PENA,Pena Voting Precinct
429,P,0603,603,PALM HARBOR,Palm Harbor Voting Precinct
430,P,0037,37,ASHLAND RANCH,Ashland Ranch Voting Precinct
431,P,0059,59,BETHUNE,Bethune Voting Precinct
432,P,0206,206,DESERT BELL,Desert Bell Voting Precinct
433,P,0144,144,COCOPAH,Cocopah Voting Precinct
434,P,0016,16,ALSUP,Alsup Voting Precinct
435,P,0357,357,HASTINGS,Hastings Voting Precinct
436,P,0279,279,FALCON HILL,Falcon Hill Voting Precinct
437,P,0115,115,CAVE BUTTES,Cave Buttes Voting Precinct
438,P,0685,685,RHODES,Rhodes Voting Precinct
439,P,0068,68,BLUE SKY,Blue Sky Voting Precinct
440,P,0489,489,MARICOPA MOUNTAINS,Maricopa Mountains Voting Precinct
441,P,0025,25,APACHE PARK,Apache Park Voting Precinct
442,P,0229,229,DOBSON PARK,Dobson Park Voting Precinct
443,P,0462,462,LONE TREE,Lone Tree Voting Precinct
444,P,0811,811,SUNNY HIGH,Sunny High Voting Precinct
445,P,0443,443,LAYTON LAKES,Layton Lakes Voting Precinct
446,P,0568,568,NVP 21,Nvp 21 Voting Precinct
447,P,0065,65,BLACKHAWK,Blackhawk Voting Precinct
448,P,0197,197,DANYELL,Danyell Voting Precinct
449,P,0887,887,WATSON,Watson Voting Precinct
450,P,0840,840,TONTO,Tonto Voting Precinct
451,P,0691,691,RIO SALADO,Rio Salado Voting Precinct
452,P,0727,727,SAN SIMON,San Simon Voting Precinct
453,P,0513,513,MESQUITE,Mesquite Voting Precinct
454,P,0634,634,PEPPERWOOD,Pepperwood Voting Precinct
455,P,0290,290,FOUR PEAKS,Four Peaks Voting Precinct
456,P,0569,569,NVP 22,Nvp 22 Voting Precinct
457,P,0236,236,DREAMLAND VILLA,Dreamland Villa Voting Precinct
458,P,0781,781,SPRINGS,Springs Voting Precinct
459,P,0892,892,WEST POINT,West Point Voting Precinct
460,P,0204,204,DEL RIO,Del Rio Voting Precinct
461,P,0171,171,CORTINA,Cortina Voting Precinct
462,P,0019,19,AMBER,Amber Voting Precinct
463,P,0547,547,NEW RIVER,New River Voting Precinct
464,P,0090,90,CAIRO,Cairo Voting Precinct
465,P,0917,917,WILLIS,Willis Voting Precinct
466,P,0613,613,PALOMINO,Palomino Voting Precinct
467,P,0830,830,TESSERA,Tessera Voting Precinct
468,P,0864,864,VAN BUREN,Van Buren Voting Precinct
469,P,0256,256,ELLIS,Ellis Voting Precinct
470,P,0117,117,CELAYA,Celaya Voting Precinct
471,P,0441,441,LAVEEN,Laveen Voting Precinct
472,P,0524,524,MOBILE,Mobile Voting Precinct
473,P,0888,888,WEINBERG,Weinberg Voting Precinct
474,P,0212,212,DESERT HIGHLANDS,Desert Highlands Voting Precinct
475,P,0346,346,HALIFAX,Halifax Voting Precinct
476,P,0224,224,DESSIE,Dessie Voting Precinct
477,P,0589,589,OPTIMIST,Optimist Voting Precinct
478,P,0074,74,BONSALL PARK,Bonsall Park Voting Precinct
479,P,0633,633,PEORIA HEIGHTS,Peoria Heights Voting Precinct
480,P,0638,638,PICADILLY,Picadilly Voting Precinct
481,P,0014,14,ALMA,Alma Voting Precinct
482,P,0131,131,CINCO,Cinco Voting Precinct
483,P,0764,764,SKY VIEW,Sky View Voting Precinct
484,P,0452,452,LINDNER,Lindner Voting Precinct
485,P,0325,325,GOLDEN HILLS,Golden Hills Voting Precinct
486,P,0170,170,CORTEZ,Cortez Voting Precinct
487,P,0695,695,RIVERVIEW,Riverview Voting Precinct
488,P,0194,194,DALE,Dale Voting Precinct
489,P,0809,809,SUNLAND,Sunland Voting Precinct
490,P,0096,96,CAMEO,Cameo Voting Precinct
491,P,0530,530,MONTE VISTA,Monte Vista Voting Precinct
492,P,0874,874,VILLA RITA,Villa Rita Voting Precinct
493,P,0356,356,HASSAYAMPA,Hassayampa Voting Precinct
494,P,0759,759,SILVER CREEK,Silver Creek Voting Precinct
495,P,0363,363,HERMOSA,Hermosa Voting Precinct
496,P,0085,85,BUNKER PEAK,Bunker Peak Voting Precinct
497,P,0153,153,COMPADRE,Compadre Voting Precinct
498,P,0371,371,HILLCREST,Hillcrest Voting Precinct
499,P,0152,152,COMMONWEALTH,Commonwealth Voting Precinct
500,P,0511,511,MESA LINDA,Mesa Linda Voting Precinct
501,P,0909,909,WIER,Wier Voting Precinct
502,P,0390,390,HUDSON,Hudson Voting Precinct
503,P,0093,93,CALYPSO,Calypso Voting Precinct
504,P,0395,395,INDIAN WELLS,Indian Wells Voting Precinct
505,P,0660,660,POWER RANCH,Power Ranch Voting Precinct
506,P,0436,436,LAS BRISAS,Las Brisas Voting Precinct
507,P,0319,319,GLENN,Glenn Voting Precinct
508,P,0565,565,NVP 19,Nvp 19 Voting Precinct
509,P,0304,304,GATEWAY,Gateway Voting Precinct
510,P,0757,757,SIERRA VISTA,Sierra Vista Voting Precinct
511,P,0739,739,SELLS,Sells Voting Precinct
512,P,0649,649,POCO BUENO,Poco Bueno Voting Precinct
513,P,0440,440,LAUREL,Laurel Voting Precinct
514,P,0412,412,JUPITER,Jupiter Voting Precinct
515,P,0282,282,FIESTA RANCH,Fiesta Ranch Voting Precinct
516,P,0712,712,RUBY,Ruby Voting Precinct
517,P,0182,182,CREEDANCE,Creedance Voting Precinct
518,P,0780,780,SPRINGFIELD,Springfield Voting Precinct
519,P,0537,537,MOUNTAIN SKY,Mountain Sky Voting Precinct
520,P,0341,341,GROVERS,Grovers Voting Precinct
521,P,0071,71,BLUEJAY,Bluejay Voting Precinct
522,P,0048,48,BALBOA,Balboa Voting Precinct
523,P,0270,270,ESQUIRE,Esquire Voting Precinct
524,P,0718,718,SALOME,Salome Voting Precinct
525,P,0382,382,HONDA,Honda Voting Precinct
526,P,0520,520,MINNEZONA,Minnezona Voting Precinct
527,P,0029,29,ARBOR,Arbor Voting Precinct
528,P,0158,158,COPPER,Copper Voting Precinct
529,P,0095,95,CAMELOT,Camelot Voting Precinct
530,P,0486,486,MANZANITA,Manzanita Voting Precinct
531,P,0368,368,HIDALGO,Hidalgo Voting Precinct
532,P,0814,814,SUNNYVALE,Sunnyvale Voting Precinct
533,P,0322,322,GOLD DUST,Gold Dust Voting Precinct
534,P,0711,711,ROYAL OAK,Royal Oak Voting Precinct
535,P,0741,741,SENTINEL,Sentinel Voting Precinct
536,P,0453,453,LIONS,Lions Voting Precinct
537,P,0192,192,DAHLIA,Dahlia Voting Precinct
538,P,0185,185,CRISMON,Crismon Voting Precinct
539,P,0303,303,GARY,Gary Voting Precinct
540,P,0579,579,OAKGROVE,Oakgrove Voting Precinct
541,P,0719,719,SALT RIVER,Salt River Voting Precinct
542,P,0855,855,TURF PARADISE,Turf Paradise Voting Precinct
543,P,0681,681,REEMS,Reems Voting Precinct
544,P,0380,380,HOLLYHOCK,Hollyhock Voting Precinct
545,P,0327,327,GOODYEAR,Goodyear Voting Precinct
546,P,0827,827,TARTESSO,Tartesso Voting Precinct
547,P,0791,791,STONEGATE,Stonegate Voting Precinct
548,P,0141,141,CLOVIS,Clovis Voting Precinct
549,P,0527,527,MOLLY,Molly Voting Precinct
550,P,0587,587,OLNEY,Olney Voting Precinct
551,P,0075,75,BOULDER MOUNTAIN,Boulder Mountain Voting Precinct
552,P,0585,585,OLD WEST,Old West Voting Precinct
553,P,0501,501,MCCORMICK RANCH,Mccormick Ranch Voting Precinct
554,P,0532,532,MONTEROSA,Monterosa Voting Precinct
555,P,0517,517,MILLER,Miller Voting Precinct
556,P,0580,580,OAKHURST,Oakhurst Voting Precinct
557,P,0468,468,LOS ALAMOS,Los Alamos Voting Precinct
558,P,0697,697,ROADMASTER,Roadmaster Voting Precinct
559,P,0528,528,MONROE,Monroe Voting Precinct
560,P,0087,87,BUTLER,Butler Voting Precinct
561,P,0097,97,CAMPBELL,Campbell Voting Precinct
562,P,0618,618,PARK CENTRAL,Park Central Voting Precinct
563,P,0449,449,LIBERTY,Liberty Voting Precinct
564,P,0007,7,AGUA FRIA,Agua Fria Voting Precinct
565,P,0561,561,NVP 15,Nvp 15 Voting Precinct
566,P,0254,254,EL DOMINGO,El Domingo Voting Precinct
567,P,0539,539,MOUNTAINSIDE,Mountainside Voting Precinct
568,P,0160,160,COPPERWOOD,Copperwood Voting Precinct
569,P,0571,571,NVP 3,Nvp 3 Voting Precinct
570,P,0551,551,NORTH,North Voting Precinct
571,P,0560,560,NVP 14,Nvp 14 Voting Precinct
572,P,0785,785,ST FRANCIS,St Francis Voting Precinct
573,P,0748,748,SHASTA,Shasta Voting Precinct
574,P,0364,364,HERMOSA VISTA,Hermosa Vista Voting Precinct
575,P,0775,775,SOUTH MTN PARK SE,South Mtn Park Se Voting Precinct
576,P,0386,386,HORIZON,Horizon Voting Precinct
577,P,0630,630,PEGASUS,Pegasus Voting Precinct
578,P,0857,857,TUTHILL,Tuthill Voting Precinct
579,P,0593,593,ORCHID,Orchid Voting Precinct
580,P,0049,49,BALSZ,Balsz Voting Precinct
581,P,0397,397,ISAAC,Isaac Voting Precinct
582,P,0929,929,YALE,Yale Voting Precinct
583,P,0680,680,REED PARK,Reed Park Voting Precinct
584,P,0317,317,GIOVANNI,Giovanni Voting Precinct
585,P,0347,347,HALL,Hall Voting Precinct
586,P,0238,238,DREYFUS,Dreyfus Voting Precinct
587,P,0812,812,SUNNYSIDE,Sunnyside Voting Precinct
588,P,0345,345,HADLEY,Hadley Voting Precinct
589,P,0665,665,PURPLE SAGE,Purple Sage Voting Precinct
590,P,0464,464,LONGBOW,Longbow Voting Precinct
591,P,0675,675,READE,Reade Voting Precinct
592,P,0523,523,MITCHELL PARK,Mitchell Park Voting Precinct
593,P,0889,889,WELDON,Weldon Voting Precinct
594,P,0788,788,STARLIGHT,Starlight Voting Precinct
595,P,0577,577,NVP 9,Nvp 9 Voting Precinct
596,P,0226,226,DIABLO,Diablo Voting Precinct
597,P,0611,611,PALO CRISTI,Palo Cristi Voting Precinct
598,P,0645,645,PINNACLE WEST,Pinnacle West Voting Precinct
599,P,0328,328,GRANADA,Granada Voting Precinct
600,P,0461,461,LONE MOUNTAIN,Lone Mountain Voting Precinct
601,P,0784,784,ST CHRISTOPHER,St Christopher Voting Precinct
602,P,0545,545,MYSTIC,Mystic Voting Precinct
603,P,0193,193,DAISY,Daisy Voting Precinct
604,P,0295,295,FREMONT,Fremont Voting Precinct
605,P,0514,514,METRO,Metro Voting Precinct
606,P,0262,262,ENCLAVE,Enclave Voting Precinct
607,P,0140,140,CLOVER,Clover Voting Precinct
608,P,0562,562,NVP 16,Nvp 16 Voting Precinct
609,P,0258,258,ELWOOD,Elwood Voting Precinct
610,P,0910,910,WIGWAM,Wigwam Voting Precinct
611,P,0504,504,MCKELLIPS PARK,Mckellips Park Voting Precinct
612,P,0157,157,CONTENTION MINE,Contention Mine Voting Precinct
613,P,0457,457,LOLA,Lola Voting Precinct
614,P,0893,893,WEST WING,West Wing Voting Precinct
615,P,0750,750,SHEA,Shea Voting Precinct
616,P,0399,399,JACKRABBIT,Jackrabbit Voting Precinct
617,P,0043,43,AVIANO,Aviano Voting Precinct
618,P,0802,802,SUN VALLEY,Sun Valley Voting Precinct
619,P,0227,227,DIXILETA,Dixileta Voting Precinct
620,P,0057,57,BETHANY,Bethany Voting Precinct
621,P,0729,729,SANDIA,Sandia Voting Precinct
622,P,0286,286,FOLLEY,Folley Voting Precinct
623,P,0392,392,INDEPENDENCE,Independence Voting Precinct
624,P,0253,253,EL CARO,El Caro Voting Precinct
625,P,0042,42,AUGUSTA RANCH,Augusta Ranch Voting Precinct
626,P,0865,865,VAN NESS,Van Ness Voting Precinct
627,P,0053,53,BAYSHORE,Bayshore Voting Precinct
628,P,0622,622,PASEO,Paseo Voting Precinct
629,P,0783,783,SPUR,Spur Voting Precinct
630,P,0063,63,BLACK CANYON,Black Canyon Voting Precinct
631,P,0060,60,BILTMORE,Biltmore Voting Precinct
632,P,0744,744,SEVILLE,Seville Voting Precinct
633,P,0332,332,GRAYHAWK,Grayhawk Voting Precinct
634,P,0033,33,ARLINGTON,Arlington Voting Precinct
635,P,0648,648,PIONEER,Pioneer Voting Precinct
636,P,0354,354,HARRISON,Harrison Voting Precinct
637,P,0104,104,CAPITOL SCHOOL,Capitol School Voting Precinct
638,P,0919,919,WILLOW CANYON,Willow Canyon Voting Precinct
639,P,0765,765,SLEEPY RANCH,Sleepy Ranch Voting Precinct
640,P,0407,407,JOY RANCH,Joy Ranch Voting Precinct
641,P,0010,10,AIRLINE CANAL,Airline Canal Voting Precinct
642,P,0415,415,KAIBAB,Kaibab Voting Precinct
643,P,0715,715,SAGEBRUSH,Sagebrush Voting Precinct
644,P,0102,102,CANYON RIM,Canyon Rim Voting Precinct
645,P,0001,1,ACACIA,Acacia Voting Precinct
646,P,0242,242,DUNBAR,Dunbar Voting Precinct
647,P,0147,147,COLONIA,Colonia Voting Precinct
648,P,0799,799,SUN GROVES,Sun Groves Voting Precinct
649,P,0277,277,FAIRWAY,Fairway Voting Precinct
650,P,0703,703,ROLLING HILLS,Rolling Hills Voting Precinct
651,P,0491,491,MARIPOSA,Mariposa Voting Precinct
652,P,0575,575,NVP 7,Nvp 7 Voting Precinct
653,P,0849,849,TRES RIOS,Tres Rios Voting Precinct
654,P,0859,859,TWIN BUTTES,Twin Buttes Voting Precinct
655,P,0228,228,DOBBINS RANCH,Dobbins Ranch Voting Precinct
656,P,0377,377,HOLIDAY PARK,Holiday Park Voting Precinct
657,P,0062,62,BISHOP,Bishop Voting Precinct
658,P,0149,149,COLT,Colt Voting Precinct
659,P,0829,829,TERRAVITA,Terravita Voting Precinct
660,P,0250,250,EASTWING,Eastwing Voting Precinct
661,P,0300,300,GARDEN GROVES,Garden Groves Voting Precinct
662,P,0904,904,WHITEWING,Whitewing Voting Precinct
663,P,0301,301,GARDENS,Gardens Voting Precinct
664,P,0276,276,FAIRVIEW,Fairview Voting Precinct
665,P,0208,208,DESERT COVE,Desert Cove Voting Precinct
666,P,0108,108,CARLA VISTA,Carla Vista Voting Precinct
667,P,0069,69,BLUEBIRD,Bluebird Voting Precinct
668,P,0505,505,MCKEMY,Mckemy Voting Precinct
669,P,0838,838,TOLLESON,Tolleson Voting Precinct
670,P,0352,352,HARQUAHALA,Harquahala Voting Precinct
671,P,0905,905,WHITTIER,Whittier Voting Precinct
672,P,0044,44,AVIATION,Aviation Voting Precinct
673,P,0343,343,GUADALUPE,Guadalupe Voting Precinct
674,P,0031,31,ARDMORE,Ardmore Voting Precinct
675,P,0366,366,HIBISCUS,Hibiscus Voting Precinct
676,P,0656,656,PORTER,Porter Voting Precinct
677,P,0705,705,ROMA PARK,Roma Park Voting Precinct
678,P,0639,639,PIERCE,Pierce Voting Precinct
679,P,0070,70,BLUEFIELD,Bluefield Voting Precinct
680,P,0123,123,CHAVEZ,Chavez Voting Precinct
681,P,0086,86,BURGESS,Burgess Voting Precinct
682,P,0650,650,POINCIANA,Poinciana Voting Precinct
683,P,0591,591,ORANGEWOOD,Orangewood Voting Precinct
684,P,0092,92,CALAVEROS,Calaveros Voting Precinct
685,P,0418,418,KENLY FARMS,Kenly Farms Voting Precinct
686,P,0114,114,CATAMARAN,Catamaran Voting Precinct
687,P,0040,40,ATHENS,Athens Voting Precinct
688,P,0176,176,COUNTRY MEADOWS,Country Meadows Voting Precinct
689,P,0670,670,RAINBOW VALLEY,Rainbow Valley Voting Precinct
690,P,0475,475,LUPINE,Lupine Voting Precinct
691,P,0734,734,SANTO,Santo Voting Precinct
692,P,0216,216,DESERT OASIS,Desert Oasis Voting Precinct
693,P,0586,586,OLIVE,Olive Voting Precinct
694,P,0264,264,ENTZ,Entz Voting Precinct
695,P,0334,334,GREENBRIAR,Greenbriar Voting Precinct
696,P,0122,122,CHAPARRAL,Chaparral Voting Precinct
697,P,0597,597,OVAL,Oval Voting Precinct
698,P,0221,221,DESERT THUNDER,Desert Thunder Voting Precinct
699,P,0230,230,DOBSON RANCH,Dobson Ranch Voting Precinct
700,P,0652,652,POINTE,Pointe Voting Precinct
701,P,0005,5,ADORA,Adora Voting Precinct
702,P,0331,331,GRANITE MOUNTAIN,Granite Mountain Voting Precinct
703,P,0458,458,LOMA LINDA,Loma Linda Voting Precinct
704,P,0696,696,RIVIERA,Riviera Voting Precinct
705,P,0879,879,VISTANCIA,Vistancia Voting Precinct
706,P,0598,598,PAINTED MOUNTAIN,Painted Mountain Voting Precinct
707,P,0563,563,NVP 17,Nvp 17 Voting Precinct
708,P,0167,167,CORONADO,Coronado Voting Precinct
709,P,0472,472,LUDDEN,Ludden Voting Precinct
710,P,0848,848,TRES,Tres Voting Precinct
711,P,0549,549,NIGHTINGALE,Nightingale Voting Precinct
712,P,0481,481,MAGGIE,Maggie Voting Precinct
713,P,0376,376,HOLIDAY GARDENS,Holiday Gardens Voting Precinct
714,P,0617,617,PARADISE PARK,Paradise Park Voting Precinct
715,P,0616,616,PARADISE,Paradise Voting Precinct
716,P,0828,828,TATUM,Tatum Voting Precinct
717,P,0934,934,YUMA,Yuma Voting Precinct
718,P,0492,492,MARIVUE,Marivue Voting Precinct
719,P,0473,473,LUKE,Luke Voting Precinct
720,P,0606,606,PALM VALLEY,Palm Valley Voting Precinct
721,P,0338,338,GREENWOOD,Greenwood Voting Precinct
722,P,0367,367,HICKIWAN,Hickiwan Voting Precinct
723,P,0476,476,LYNWOOD,Lynwood Voting Precinct
724,P,0198,198,DARROW,Darrow Voting Precinct
725,P,0419,419,KIMBERLY,Kimberly Voting Precinct
726,P,0743,743,SEVILLA,Sevilla Voting Precinct
727,P,0592,592,ORANGEWOOD FARMS,Orangewood Farms Voting Precinct
728,P,0907,907,WHYMAN,Whyman Voting Precinct
729,P,0835,835,TIERRA NORTE,Tierra Norte Voting Precinct
730,P,0861,861,USERY PASS,Usery Pass Voting Precinct
731,P,0427,427,LA SOLANA,La Solana Voting Precinct
732,P,0015,15,ALPACA,Alpaca Voting Precinct
733,P,0683,683,REGAL,Regal Voting Precinct
734,P,0737,737,SCOTTSDALE,Scottsdale Voting Precinct
735,P,0154,154,COMSTOCK,Comstock Voting Precinct
736,P,0125,125,CHENEY,Cheney Voting Precinct
737,P,0588,588,ONYX,Onyx Voting Precinct
738,P,0553,553,NORTH MOUNTAIN,North Mountain Voting Precinct
739,P,0923,923,WINDROSE,Windrose Voting Precinct
740,P,0721,721,SAN LUCY,San Lucy Voting Precinct
741,P,0161,161,CORA,Cora Voting Precinct
742,P,0421,421,KIVA,Kiva Voting Precinct
743,P,0200,200,DEADMAN WASH,Deadman Wash Voting Precinct
744,P,0868,868,VERANO,Verano Voting Precinct
745,P,0251,251,ECHO,Echo Voting Precinct
746,P,0635,635,PERRY PARK,Perry Park Voting Precinct
747,P,0567,567,NVP 20,Nvp 20 Voting Precinct
748,P,0584,584,OCOTILLO,Ocotillo Voting Precinct
749,P,0731,731,SANTA FE,Santa Fe Voting Precinct
750,P,0516,516,MILKY WAY,Milky Way Voting Precinct
751,P,0128,128,CHRISTY,Christy Voting Precinct
752,P,0076,76,BRACKEN,Bracken Voting Precinct
753,P,0113,113,CASHION,Cashion Voting Precinct
754,P,0431,431,LAMAR,Lamar Voting Precinct
755,P,0496,496,MARYLAND,Maryland Voting Precinct
756,P,0388,388,HUALAPAI,Hualapai Voting Precinct
757,P,0714,714,SADDLE RIDGE,Saddle Ridge Voting Precinct
758,P,0055,55,BERRIDGE,Berridge Voting Precinct
759,P,0139,139,CLOUD,Cloud Voting Precinct
760,P,0340,340,GREYSTONE,Greystone Voting Precinct
761,P,0872,872,VICTORY,Victory Voting Precinct
762,P,0013,13,ALHAMBRA,Alhambra Voting Precinct
763,P,0823,823,SUTTON,Sutton Voting Precinct
764,P,0615,615,PARADA,Parada Voting Precinct
765,P,0663,663,PUEBLO,Pueblo Voting Precinct
766,P,0720,720,SAN ANGELO,San Angelo Voting Precinct
767,P,0409,409,JULIE,Julie Voting Precinct
768,P,0707,707,ROSE GARDEN,Rose Garden Voting Precinct
769,P,0271,271,ESTRELLA FOOTHILLS,Estrella Foothills Voting Precinct
770,P,0162,162,CORBELL,Corbell Voting Precinct
771,P,0701,701,ROCKWOOD,Rockwood Voting Precinct
772,P,0730,730,SANDPIPER,Sandpiper Voting Precinct
773,P,0915,915,WILDWOOD,Wildwood Voting Precinct
774,P,0474,474,LUKE FIELD,Luke Field Voting Precinct
775,P,0772,772,SOUTH MTN PARK,South Mtn Park Voting Precinct
776,P,0488,488,MARICOPA,Maricopa Voting Precinct
777,P,0384,384,HOPEVILLE,Hopeville Voting Precinct
778,P,0012,12,ALEXANDER,Alexander Voting Precinct
779,P,0918,918,WILLOW,Willow Voting Precinct
780,P,0265,265,ESCALADE,Escalade Voting Precinct
781,P,0708,708,ROSE MOFFORD,Rose Mofford Voting Precinct
782,P,0885,885,WARNER,Warner Voting Precinct
783,P,0312,312,GIDIYUP,Gidiyup Voting Precinct
784,P,0008,8,AGUILA,Aguila Voting Precinct
785,P,0920,920,WILSHIRE,Wilshire Voting Precinct
786,P,0081,81,BUCKLEY,Buckley Voting Precinct
787,P,0126,126,CHILTON,Chilton Voting Precinct
788,P,0576,576,NVP 8,Nvp 8 Voting Precinct
789,P,0447,447,LEWIS,Lewis Voting Precinct
790,P,0288,288,FORT MCDOWELL,Fort Mcdowell Voting Precinct
791,P,0339,339,GREER RANCH,Greer Ranch Voting Precinct
792,P,0351,351,HARMONY PARK,Harmony Park Voting Precinct
793,P,0843,843,TOWNE MEADOWS,Towne Meadows Voting Precinct
794,P,0143,143,COBBLE STONE,Cobble Stone Voting Precinct
795,P,0832,832,THUNDERHILL,Thunderhill Voting Precinct
796,P,0320,320,GLENROSA,Glenrosa Voting Precinct
797,P,0805,805,SUNDANCE,Sundance Voting Precinct
798,P,0179,179,COYOTE HILLS,Coyote Hills Voting Precinct
799,P,0375,375,HOHOKAM PARK,Hohokam Park Voting Precinct
800,P,0307,307,GENE AUTRY,Gene Autry Voting Precinct
801,P,0009,9,AHWATUKEE,Ahwatukee Voting Precinct
802,P,0101,101,CANYON,Canyon Voting Precinct
803,P,0455,455,LITCHFIELD,Litchfield Voting Precinct
804,P,0021,21,ANDORA,Andora Voting Precinct
805,P,0679,679,REDWING,Redwing Voting Precinct
806,P,0316,316,GILBERT GARDENS,Gilbert Gardens Voting Precinct
807,P,0353,353,HARRIS,Harris Voting Precinct
808,P,0359,359,HAWES,Hawes Voting Precinct
809,P,0778,778,SOUTHERN,Southern Voting Precinct
810,P,0544,544,MYRTLE,Myrtle Voting Precinct
811,P,0543,543,MUSTANG,Mustang Voting Precinct
812,P,0333,333,GRAYSON,Grayson Voting Precinct
813,P,0760,760,SILVER SPUR,Silver Spur Voting Precinct
814,P,0173,173,COTTONTAIL,Cottontail Voting Precinct
815,P,0187,187,CROSBY,Crosby Voting Precinct
816,P,0837,837,TILLMAN,Tillman Voting Precinct
817,P,0184,184,CRESCENT,Crescent Voting Precinct
818,P,0684,684,RESERVE,Reserve Voting Precinct
819,P,0361,361,HAYWARD,Hayward Voting Precinct
820,P,0478,478,MADISON HEIGHTS,Madison Heights Voting Precinct
821,P,0605,605,PALM SHADOWS,Palm Shadows Voting Precinct
822,P,0687,687,RIDGEWOOD,Ridgewood Voting Precinct
823,P,0724,724,SAN MIGUEL,San Miguel Voting Precinct
824,P,0417,417,KEIM,Keim Voting Precinct
825,P,0046,46,AZALEA,Azalea Voting Precinct
826,P,0726,726,SAN PEDRO,San Pedro Voting Precinct
827,P,0900,900,WESTWIND,Westwind Voting Precinct
828,P,0632,632,PENNY LANE,Penny Lane Voting Precinct
829,P,0283,283,FIREHAWK,Firehawk Voting Precinct
830,P,0425,425,KOMATKE,Komatke Voting Precinct
831,P,0267,267,ESCOBAR,Escobar Voting Precinct
832,P,0690,690,RIO PASEO,Rio Paseo Voting Precinct
833,P,0876,876,VIRGINIA,Virginia Voting Precinct
834,P,0529,529,MONTE CRISTO,Monte Cristo Voting Precinct
835,P,0446,446,LEISURE WORLD,Leisure World Voting Precinct
836,P,0211,211,DESERT HAVEN,Desert Haven Voting Precinct
837,P,0698,698,ROADRUNNER,Roadrunner Voting Precinct
838,P,0500,500,MCAFEE PLACE,Mcafee Place Voting Precinct
839,P,0608,608,PALMDALE,Palmdale Voting Precinct
840,P,0275,275,EXETER,Exeter Voting Precinct
841,P,0572,572,NVP 4,Nvp 4 Voting Precinct
842,P,0578,578,OAK PARK,Oak Park Voting Precinct
843,P,0360,360,HAYDEN HIGH,Hayden High Voting Precinct
844,P,0629,629,PEE-POSH,Pee-Posh Voting Precinct
845,P,0554,554,NORTON,Norton Voting Precinct
846,P,0771,771,SOUTH MTN HIGH,South Mtn High Voting Precinct
847,P,0793,793,STUMP,Stump Voting Precinct
848,P,0002,2,ACOMA,Acoma Voting Precinct
849,P,0508,508,MEGAN,Megan Voting Precinct
850,P,0402,402,JASPER,Jasper Voting Precinct
851,P,0263,263,ENID PARK,Enid Park Voting Precinct
852,P,0736,736,SARIVAL,Sarival Voting Precinct
853,P,0463,463,LONESOME,Lonesome Voting Precinct
854,P,0287,287,FOREST GROVE,Forest Grove Voting Precinct
855,P,0246,246,DYNAMITE,Dynamite Voting Precinct
856,P,0839,839,TONOPAH,Tonopah Voting Precinct
857,P,0564,564,NVP 18,Nvp 18 Voting Precinct
858,P,0403,403,JENTILLY,Jentilly Voting Precinct
859,P,0552,552,NORTH HIGH,North High Voting Precinct
860,P,0766,766,SOLANO,Solano Voting Precinct
861,P,0700,700,ROCKLEDGE,Rockledge Voting Precinct
862,P,0373,373,HILLVIEW,Hillview Voting Precinct
863,P,0080,80,BUCKEYE,Buckeye Voting Precinct
864,P,0643,643,PINE VALLEY,Pine Valley Voting Precinct
865,P,0241,241,DUKE,Duke Voting Precinct
866,P,0782,782,SPRUCE,Spruce Voting Precinct
867,P,0604,604,PALM RIDGE,Palm Ridge Voting Precinct
868,P,0570,570,NVP 23,Nvp 23 Voting Precinct
869,P,0483,483,MAJESTY,Majesty Voting Precinct
870,P,0330,330,GRANITE FALLS,Granite Falls Voting Precinct
871,P,0220,220,DESERT SKY,Desert Sky Voting Precinct
872,P,0084,84,BULLMOOSE,Bullmoose Voting Precinct
873,P,0792,792,STRADA,Strada Voting Precinct
874,P,0540,540,MOYA,Moya Voting Precinct
875,P,0135,135,CLAY MINE,Clay Mine Voting Precinct
876,P,0401,401,JASMINE,Jasmine Voting Precinct
877,P,0822,822,SURREY,Surrey Voting Precinct
878,P,0306,306,GEMINI,Gemini Voting Precinct
879,P,0507,507,MEADOWBROOK,Meadowbrook Voting Precinct
880,P,0627,627,PECK,Peck Voting Precinct
881,P,0669,669,QUENTIN,Quentin Voting Precinct
882,P,0051,51,BARNES,Barnes Voting Precinct
883,P,0653,653,POLK,Polk Voting Precinct
884,P,0189,189,CRYSTAL GARDENS,Crystal Gardens Voting Precinct
885,P,0824,824,SWEETWATER,Sweetwater Voting Precinct
886,P,0291,291,FOX CROSSING,Fox Crossing Voting Precinct
887,P,0003,3,ACUNA,Acuna Voting Precinct
888,P,0873,873,VILLA DE PAZ,Villa De Paz Voting Precinct
889,P,0414,414,KACHINA,Kachina Voting Precinct
890,P,0610,610,PALO BLANCO,Palo Blanco Voting Precinct
891,P,0601,601,PALM,Palm Voting Precinct
892,P,0365,365,HESS,Hess Voting Precinct
893,P,0884,884,WAHALLA,Wahalla Voting Precinct
894,P,0393,393,INDIAN BEND,Indian Bend Voting Precinct
895,P,0273,273,EVANS,Evans Voting Precinct
896,P,0088,88,CACTUS GLEN,Cactus Glen Voting Precinct
897,P,0274,274,EVERGREEN,Evergreen Voting Precinct
898,P,0120,120,CHALLENGER,Challenger Voting Precinct
899,P,0369,369,HIGHLAND,Highland Voting Precinct
900,P,0609,609,PALMER,Palmer Voting Precinct
901,P,0379,379,HOLLY,Holly Voting Precinct
902,P,0699,699,ROBBINS BUTTE,Robbins Butte Voting Precinct
903,P,0883,883,WAGGONER,Waggoner Voting Precinct
904,P,0237,237,DREAMY DRAW,Dreamy Draw Voting Precinct
905,P,0426,426,LA REATA,La Reata Voting Precinct
906,P,0203,203,DEL JOYA,Del Joya Voting Precinct
907,P,0308,308,GEORGIA,Georgia Voting Precinct
908,P,0674,674,RANCHO PALOMA,Rancho Paloma Voting Precinct
909,P,0129,129,CIELO,Cielo Voting Precinct
910,P,0121,121,CHANDLER HEIGHTS,Chandler Heights Voting Precinct
911,P,0232,232,DOUBLETREE,Doubletree Voting Precinct
912,P,0573,573,NVP 5,Nvp 5 Voting Precinct
913,P,0190,190,CULLUMBER,Cullumber Voting Precinct
914,P,0594,594,OREGON,Oregon Voting Precinct
915,P,0556,556,NVP 10,Nvp 10 Voting Precinct
916,P,0413,413,JUSTINE,Justine Voting Precinct
917,P,0156,156,CONQUISTADOR,Conquistador Voting Precinct
918,P,0819,819,SUPAI,Supai Voting Precinct
919,P,0641,641,PILLAR,Pillar Voting Precinct
920,P,0484,484,MANDALAY,Mandalay Voting Precinct
921,P,0762,762,SIMIS,Simis Voting Precinct
922,P,0841,841,TOPEKA,Topeka Voting Precinct
923,P,0294,294,FREEDOM,Freedom Voting Precinct
924,P,0214,214,DESERT MEADOWS,Desert Meadows Voting Precinct
925,P,0022,22,ANGELA,Angela Voting Precinct
926,P,0268,268,ESCONDIDO,Escondido Voting Precinct
927,P,0896,896,WESTERN STAR,Western Star Voting Precinct
928,P,0041,41,AUGUSTA,Augusta Voting Precinct
929,P,0309,309,GERMANN,Germann Voting Precinct
930,P,0219,219,DESERT SAGE,Desert Sage Voting Precinct
931,P,0831,831,THOMAS,Thomas Voting Precinct
932,P,0326,326,GOLDFIELD RANCH,Goldfield Ranch Voting Precinct
933,P,0396,396,INDIGO,Indigo Voting Precinct
934,P,0716,716,SAGUARO,Saguaro Voting Precinct
935,P,0408,408,JOYCE,Joyce Voting Precinct
